Threads,Time (s),Dot Product
1,0.378277,16777216.000000
2,0.251706,20969164.000000
4,0.155207,23631394.000000
8,0.131793,24579896.000000
16,0.108708,24874172.000000
32,0.114902,24963168.000000
64,0.119173,24987352.000000

