Threads,Time (s)
1,4.136051
2,2.314669
4,1.398697
8,0.954454
16,0.627427
32,0.393723
64,0.343196

