Threads,Time (s)
1,41.677730
2,22.322493
4,16.996031
8,12.161643
16,7.624287
32,5.990745
64,5.250146

