Threads,Time (s)
1,0.538079
2,0.442912
4,0.262932
8,0.275661
16,0.205359
32,0.239327

