Threads,Time (s)
1,46.079157
2,26.167981
4,14.028923
8,9.024287
16,6.209166
32,5.594471
64,5.149400

