Threads,Time (ms),Result
1,375.557047,100000000
2,223.732525,100000000
4,164.880838,100000000
8,117.367505,100000000
16,92.594435,100000000
32,140.602525,100000000
64,96.410715,100000000
