Threads,Time (ms),Result
1,2.954227,
2,1.517958,
4,797.550888,
8,559.759823,
16,362.453798,
32,350.218819,
64,351.120333,
