Threads,Time (ms),Result
1,2.783196,
2,1.409073,
4,0.801658,
8,0.656411,
16,0.610427,
32,0.449459,
64,0.308576,
