Threads,Time (ms),Result
1,32546.224387,
2,16754.028611,
4,9867.187427,
8,8826.372828,
16,8480.628826,
32,8556.069063,
64,10005.454031,
