Threads,Time (ms),Result
1,390.307368,
2,316.032158,
4,324.974458,
8,229.853436,
16,186.717630,
32,247.302924,
64,252.394231,
