Threads,Time (ms),Result
1,1516.172329,
2,760.064705,
4,548.356448,
8,431.691968,
16,323.153829,
32,400.895275,
64,414.094836,
